{
    "CNN_transformer": {
        "Epsib": {
            "RMSE": [
                0.2074417077168948,
                0.18589872130731105,
                0.21264586512953565,
                0.18730571745416102,
                0.2017814254174688
            ],
            "RMSE_unscaled": [
                1.6666978051293173,
                1.4936099273512926,
                1.708510734132195,
                1.504914513118699,
                1.6212199705817798
            ],
            "MAE": [
                0.16633543310108032,
                0.15284248104177875,
                0.18320296875262315,
                0.1472457659357089,
                0.1657590710295717
            ],
            "MSE": [
                0.04303206210050161,
                0.034558334583693305,
                0.04521826395668866,
                0.035083431791018,
                0.040715743643505525
            ],
            "R2": [
                0.19383806380544233,
                0.48578347534733834,
                0.22474551610424354,
                0.46116127820499764,
                0.4280986424278376
            ],
            "Mean_scores": {
                "RMSE": 0.19901468740507428,
                "RMSE_unscaled": 1.5989905900626566,
                "MAE": 0.16307714397215256,
                "MSE": 0.039721567215081424,
                "R2": 0.35872539517797186
            }
        },
        "Ict": {
            "RMSE": [
                0.25611303041247035,
                0.2258867649371607,
                0.20368160227251372,
                0.2458047957803548,
                0.19670447091530635
            ],
            "RMSE_unscaled": [
                0.7559060537487517,
                0.6666945991468088,
                0.6011570786848174,
                0.7254817868997989,
                0.5805643501765245
            ],
            "MAE": [
                0.20310400246028962,
                0.18892698241595363,
                0.16825246877377004,
                0.22036776867065888,
                0.16120118694870614
            ],
            "MSE": [
                0.06559388434705897,
                0.051024830573776096,
                0.04148619510429846,
                0.060419997628621935,
                0.038692648878070605
            ],
            "R2": [
                -0.24360525980313064,
                0.3449583522121181,
                0.06909550013439558,
                0.045457614742928754,
                0.21700110282410146
            ],
            "Mean_scores": {
                "RMSE": 0.22563813286356119,
                "RMSE_unscaled": 0.6659607737313402,
                "MAE": 0.18837048185387564,
                "MSE": 0.05144351130636521,
                "R2": 0.08658146202208265
            }
        },
        "MGR_init": {
            "RMSE": [
                0.15073303059981819,
                0.15729642253374743,
                0.1595060448362769,
                0.20384452571016784,
                0.1757753288172691
            ],
            "RMSE_unscaled": [
                0.9341227338288457,
                0.9747974290244688,
                0.9884908518686475,
                1.2632653708297703,
                1.0893148712103669
            ],
            "MAE": [
                0.1270827070370517,
                0.11976379418881922,
                0.11750396530542344,
                0.1646503273185749,
                0.13146262996161748
            ],
            "MSE": [
                0.022720446513805725,
                0.024742164541915208,
                0.025442178339312373,
                0.04155259066200328,
                0.03089696622081907
            ],
            "R2": [
                0.009736736533004442,
                -0.22893904839176638,
                0.05653107917784217,
                -0.13197653062818726,
                0.15266419079949045
            ],
            "Mean_scores": {
                "RMSE": 0.16943107049945588,
                "RMSE_unscaled": 1.0499982513524198,
                "MAE": 0.13209268476229735,
                "MSE": 0.02907086925557113,
                "R2": -0.028396714501923315
            }
        },
        "plasto_init": {
            "RMSE": [
                0.2606027773589999,
                0.2710725817895436,
                0.271473085756556,
                0.26601396322531934,
                0.2688755834459826
            ],
            "RMSE_unscaled": [
                5.100970911563067,
                5.305904711308093,
                5.313743590384185,
                5.206887927140571,
                5.262901028379911
            ],
            "MAE": [
                0.22310019518701996,
                0.2432085942990644,
                0.24520898324254073,
                0.2420295044384514,
                0.22757850368745647
            ],
            "MSE": [
                0.06791380756722445,
                0.0734803445980488,
                0.0736976362901864,
                0.07076342863084154,
                0.07229407937341757
            ],
            "R2": [
                -0.09695339240515177,
                -0.25128937046628996,
                0.04396144376610611,
                -0.08529383911199884,
                -0.6222053645658123
            ],
            "Mean_scores": {
                "RMSE": 0.26760759831528025,
                "RMSE_unscaled": 5.238081633755166,
                "MAE": 0.23622515617090656,
                "MSE": 0.07162985929194374,
                "R2": -0.2023561045566294
            }
        },
        "phyllo_init": {
            "RMSE": [
                0.19178923098795897,
                0.20929286833609015,
                0.17392208072248314,
                0.17684728628732493,
                0.1876735607130732
            ],
            "RMSE_unscaled": [
                3.176490642108224,
                3.4663921741090125,
                2.8805672339180743,
                2.9290158105711654,
                3.108325195438112
            ],
            "MAE": [
                0.15825273238724605,
                0.1733302775349132,
                0.14385454402426942,
                0.14463588532236354,
                0.16391062957761093
            ],
            "MSE": [
                0.03678310912295268,
                0.04380350473634796,
                0.03024889016283794,
                0.03127496266719106,
                0.035221365390723576
            ],
            "R2": [
                0.11899795204742425,
                0.1711440240527301,
                0.18032255795277985,
                0.19364854580804736,
                -0.05698500517080274
            ],
            "Mean_scores": {
                "RMSE": 0.1879050054093861,
                "RMSE_unscaled": 3.1121582112289174,
                "MAE": 0.15679681376928065,
                "MSE": 0.03546636641601064,
                "R2": 0.12142561493803576
            }
        },
        "ligulo_init": {
            "RMSE": [
                0.14716920060652258,
                0.18934291913341408,
                0.15649468692943344,
                0.1774662055841337,
                0.1532743248069026
            ],
            "RMSE_unscaled": [
                2.315226685518016,
                2.9786919261806286,
                2.461932590112364,
                2.7918507522529996,
                2.4112702290635566
            ],
            "MAE": [
                0.1085077805492217,
                0.16314682905957087,
                0.13796060052550088,
                0.15097112301394175,
                0.13242945405856657
            ],
            "MSE": [
                0.02165877360716289,
                0.035850741025962585,
                0.02449058703714139,
                0.03149425412443001,
                0.023493018645011875
            ],