{
    "CNN_transformer": {
        "Epsib": {
            "RMSE": [
                0.2310388101136066,
                0.25924175351339507,
                0.2415886322758455,
                0.2551855581840058,
                0.2668213775653246
            ],
            "RMSE_unscaled": [
                1.8562895485214996,
                2.082887100364681,
                1.9410524580248214,
                2.0502974549304427,
                2.1437858611306115
            ],
            "MAE": [
                0.18596172753514556,
                0.21711841960693995,
                0.18992901837011042,
                0.2120028014239621,
                0.21636939836709132
            ],
            "MSE": [
                0.05337893177871117,
                0.06720628676469988,
                0.05836506724491371,
                0.0651196691056826,
                0.0711936475258575
            ],
            "R2": [
                -2.0780351883686876e-08,
                -7.19453827358052e-06,
                -0.0006527479214217813,
                -0.00015869238889409942,
                -6.642737471196369e-10
            ],
            "Mean_scores": {
                "RMSE": 0.25077522633043553,
                "RMSE_unscaled": 2.014862484594411,
                "MAE": 0.20427627306064985,
                "MSE": 0.06305272048397297,
                "R2": -0.0001637312586430184
            }
        },
        "Ict": {
            "RMSE": [
                0.22966266759907428,
                0.2790977478940053,
                0.2111061223775426,
                0.25168287614549406,
                0.22229726987023482
            ],
            "RMSE_unscaled": [
                0.6778390010333789,
                0.8237444099690295,
                0.6230701949569842,
                0.742830652431275,
                0.6561003618785015
            ],
            "MAE": [
                0.18911436472006263,
                0.23389858094420585,
                0.18435114810283276,
                0.19835139507602462,
                0.17439040478814125
            ],
            "MSE": [
                0.052744940888722884,
                0.07789555287950575,
                0.04456579490528199,
                0.0633442701448681,
                0.049416076191760014
            ],
            "R2": [
                -2.3937628323977833e-08,
                -1.4498106715166159e-08,
                -7.3256444801383935e-06,
                -0.0007413619593974463,
                -2.1782648671475613e-06
            ],
            "Mean_scores": {
                "RMSE": 0.23876933677727022,
                "RMSE_unscaled": 0.7047169240538338,
                "MAE": 0.1960211787262534,
                "MSE": 0.05759332700202775,
                "R2": -0.00015018086089595427
            }
        },
        "MGR_init": {
            "RMSE": [
                0.1515050622622679,
                0.141890616142831,
                0.16421520202321185,
                0.1915947418352933,
                0.19095461130221977
            ],
            "RMSE_unscaled": [
                0.9389071850849778,
                0.8793245317792655,
                1.0176744562499536,
                1.1873509431308584,
                1.1833839244657804
            ],
            "MAE": [
                0.11604782363165336,
                0.11383363930085068,
                0.12971906513958403,
                0.15247830059288595,
                0.1554323267385185
            ],
            "MSE": [
                0.022953783891093673,
                0.02013294694939221,
                0.02696663257552428,
                0.03670854509893269,
                0.036463663577581844
            ],
            "R2": [
                -0.00043319708082600883,
                -4.987145363344325e-09,
                -5.4827269391211075e-08,
                -1.4941631436338199e-05,
                -5.382749801441378e-08
            ],
            "Mean_scores": {
                "RMSE": 0.16803204671316477,
                "RMSE_unscaled": 1.041328208142167,
                "MAE": 0.1335022310806985,
                "MSE": 0.028645114418504935,
                "R2": -8.96504708350232e-05
            }
        },
        "plasto_init": {
            "RMSE": [
                0.2488198102820928,
                0.24232974663215168,
                0.27765102542094156,
                0.25534700331248933,
                0.21110502188761773
            ],
            "RMSE_unscaled": [
                4.870334310663425,
                4.7432994911400606,
                5.434669021158995,
                4.99809589098889,
                4.132114841606022
            ],
            "MAE": [
                0.2144474691766052,
                0.20787310915293292,
                0.24196811467675186,
                0.218153094045935,
                0.18099383506839628
            ],
            "MSE": [
                0.06191129798881666,
                0.05872370610280282,
                0.07709009191730035,
                0.06520209210066845,
                0.044565330266171564
            ],
            "R2": [
                -1.1629656126999066e-08,
                -6.318390033399623e-08,
                -4.700132245716304e-05,
                -3.154553951389971e-09,
                -5.319662887970367e-07
            ],
            "Mean_scores": {
                "RMSE": 0.24705052150705864,
                "RMSE_unscaled": 4.8357027111114785,
                "MAE": 0.21268712442412427,
                "MSE": 0.06149850367515196,
                "R2": -9.522251371274493e-06
            }
        },
        "phyllo_init": {
            "RMSE": [
                0.20433180442052315,
                0.229887302048067,
                0.1921027793815678,
                0.19694103615021938,
                0.18254450248572157
            ],
            "RMSE_unscaled": [
                3.3842252129107067,
                3.8074856030558792,
                3.1816832014351166,
                3.2618163463914867,
                3.023375188277068
            ],
            "MAE": [
                0.16885745854099046,
                0.1941066104393109,
                0.15607560530543022,
                0.1739481655032686,
                0.14744815712045112
            ],
            "MSE": [
                0.04175148629774693,
                0.052848171642939194,
                0.036903477846123314,
                0.038785771719922014,
                0.03332249538775961
            ],
            "R2": [
                -9.735562631618677e-07,
                -4.1429993680175414e-07,
                -1.9227389289611097e-06,
                -2.43365652075056e-08,
                -3.568575899226545e-07
            ],
            "Mean_scores": {
                "RMSE": 0.2011614848972198,
                "RMSE_unscaled": 3.3317171104140515,
                "MAE": 0.16808719938189026,
                "MSE": 0.040722280578898214,
                "R2": -7.383578568109784e-07
            }
        },
        "ligulo_init": {
            "RMSE": [
                0.13776447056704477,
                0.21704403594189642,
                0.14342939394975388,
                0.1407364121322112,
                0.12039656055000074
            ],
            "RMSE_unscaled": [
                2.167273787116696,
                3.4144786978884842,
                2.256392849330763,
                2.2140275769246696,
                1.8940464737453928
            ],
            "MAE": [
                0.10475837675032133,
                0.18417985182299418,
                0.09234273876129673,
                0.10499429210130982,
                0.09132831329920485
            ],